{
  "info": {
    "_postman_id": "8b6e53b7-5f1a-4f66-9b4d-9e3bca74f01e",
    "name": "Message API",
    "schema": "https://schema.getpostman.com/json/collection/v2.1.0/collection.json"
  },
  "item": [
    {
      "name": "Get all messages",
      "request": {
        "method": "GET",
        "header": [],
        "url": {
          "raw": "{{baseUrl}}/api/messages",
          "host": [
            "{{baseUrl}}"
          ],
          "path": [
            "api",
            "messages"
          ]
        }
      },
      "response": []
    },
    {
      "name": "Add a new message",
      "request": {
        "method": "POST",
        "header": [
          {
            "key": "Content-Type",
            "name": "Content-Type",
            "value": "application/json",
            "type": "text"
          }
        ],
        "body": {
          "mode": "raw",
          "raw": "{\n    \"message\": \"Hello, world!\"\n}"
        },
        "url": {
          "raw": "{{baseUrl}}/api/messages",
          "host": [
            "{{baseUrl}}"
          ],
          "path": [
            "api",
            "messages"
          ]
        }
      },
      "response": []
    }
  ]
}